nombre,tipo_persona,nif,email
Carlos Mendoza Ruiz,PF,12345678Z,carlos.mendoza@gruponuevo-ficticio.es
Elena Gómez Blanco,PF,23456789A,elena.gomez@gruponuevo-ficticio.es
Javier Navarro Santos,PF,34567890B,javier.navarro@gruponuevo-ficticio.es
Laura Ibáñez Vega,PF,45678901C,laura.ibanez@gruponuevo-ficticio.es
Marcos Ortega Soler,PF,56789012D,marcos.ortega@gruponuevo-ficticio.es
Sofía Ramos Delgado,PF,67890123E,sofia.ramos@gruponuevo-ficticio.es
Pablo Sanz Marín,PF,78901234F,pablo.sanz@gruponuevo-ficticio.es
Beatriz Gil Campos,PF,89012345G,beatriz.gil@gruponuevo-ficticio.es
Alejandro Ferrer Valls,PF,90123456H,alejandro.ferrer@gruponuevo-ficticio.es
